{
    "FI-FI": {
        "FinBERT-MEAN": 0.6796573079020569,
        "FinBERT-MAX": 0.551726676135698,
        "FinBERT-CLS": 0.529977519275936
    },
    "EN-EN": {
        "FinBERT-MEAN": 0.674369164548933,
        "FinBERT-MAX": 0.5853198595271497,
        "FinBERT-CLS": 0.47842801979416844
    },
    "EN-FI": {
        "FinBERT-MEAN": 0.08093123425965335,
        "FinBERT-MAX": -0.17977611659245332,
        "FinBERT-CLS": 0.09557289889005881
    }
}