{"FI-FI": {"xlm-r-extracted": 0.7067188250976607, "xlm-r-cross-lingual": 0.7613231239708125, "xlm-r-inter-lingual": 0.7148468901701186, "FinBERT-MEAN": 0.6796573079020569, "FinBERT-MAX": 0.551726676135698, "FinBERT-CLS": 0.529977519275936}, "EN-EN": {"xlm-r-extracted": 0.7939687698638669, "xlm-r-cross-lingual": 0.8080369148400702, "xlm-r-inter-lingual": 0.8014133778685156, "FinBERT-MEAN": 0.674369164548933, "FinBERT-MAX": 0.5853198595271497, "FinBERT-CLS": 0.47842801979416844}, "EN-FI": {"xlm-r-extracted": 0.5409416621022172, "xlm-r-cross-lingual": 0.749333795542817, "xlm-r-inter-lingual": 0.600215994674366, "FinBERT-MEAN": 0.08093123425965335, "FinBERT-MAX": -0.17977611659245332, "FinBERT-CLS": 0.09557289889005881}}